{
  "train_loss": 0.0015861187130212784,
  "val_loss": 0.008142049424350262,
  "epoch": 9,
  "global_step": 38580
}