{
  "train_loss": 2.354372327317833e-06,
  "val_loss": 0.002362407511100173,
  "epoch": 14,
  "global_step": 57870
}